,,,,,,,,,,,,,,,,,,,,,
,Speed,,,,,,,,,,,,,,,,,,,,
,,,,,,,,,,,,,,,,,,,,,
,,,,,,,,,,,,,,,,,,,,,
,"The Speed statistic determines the base maximum speed of the vehicle. The maximum speed can be increased by collecting coins: up to 20 coins for a 5% increase.

This statistic is divided in three normal types, On-Road , Off-Road and Water, as well as an additional special type, Gliding. The in-game bar displays the average of the three normal types, so it gives a misleading indication for most characters and vehicles.
The base maximum speed on Heavy Off-Road, Rails and Walls is the same across all combos, but coins still affect the maximum speed the same way; while Cannon Gliders set all players to the same speed, ignoring both Gliding Speed and coins.
Watercraft mode applies a -10% debuff (0.9x multiplier) to the maximum speed of the vehicle. It can be temporarily removed by using a Dash Mushroom, Star, Mega Mushroom, Boo or Bullet Bill.

All speed boosts and speed modifiers apply temporary multipliers to the maximum speed, so the boost speed is indirectly affected by the Speed statistic and coins.",,,,,,,,,,,,,,,,,,,,
,,,,,,,,,,,,,,,,,,,,,
,,,,,,,,,,,,,,,,,,,,,
,Speed,,,,,,,,,,,,,,,,,,,,
,Lv.,On-Road / Off-Road,,,,Water (debuff),,,,Gliding,,,,,,,,,,,
,,Speed units,,Relative (+),,Speed units,,Relative (+),,Speed units,,Relative (+),,,,,,,,,
,0,"100,000",,"0,000%",,"90,000",,"0,000%",,"102,496",,"0,000%",,,,,,,,,
,1,"100,312",,"0,312%",,"90,281",,"0,312%",,"102,998",,"0,490%",,,,,,,,,
,2,"100,624",,"0,624%",,"90,562",,"0,624%",,"103,500",,"0,980%",,,,,,,,,
,3,"100,936",,"0,936%",,"90,842",,"0,936%",,"104,003",,"1,470%",,,,,,,,,
,4,"101,248",,"1,248%",,"91,123",,"1,248%",,,,,,,,,,,,,
,5,"101,560",,"1,560%",,"91,404",,"1,560%",,,,,,,,,,,,,
,6,"101,872",,"1,872%",,"91,685",,"1,872%",,,,,,,,,,,,,
,7,"102,184",,"2,184%",,"91,966",,"2,184%",,,,,,,,,,,,,
,8,"102,496",,"2,496%",,"92,246",,"2,496%",,,,,,,,,,,,,
,9,"102,808",,"2,808%",,"92,527",,"2,808%",,,,,,,,,,,,,
,10,"103,120",,"3,120%",,"92,808",,"3,120%",,,,,,,,,,,,,
,11,"103,432",,"3,432%",,"93,089",,"3,432%",,,,,,,,,,,,,
,12,"103,744",,"3,744%",,"93,370",,"3,744%",,,,,,,,,,,,,
,13,"104,056",,"4,056%",,"93,650",,"4,056%",,,,,,,,,,,,,
,14,"104,368",,"4,368%",,"93,931",,"4,368%",,,,,,,,,,,,,
,15,"104,680",,"4,680%",,"94,212",,"4,680%",,,,,,,,,,,,,
,16,"104,992",,"4,992%",,"94,493",,"4,992%",,,,,,,,,,,,,
,17,,,,,"94,774",,"5,304%",,,,,,,,,,,,,
,,,,,,,,,,,,,,,,,,,,,
,,,,,,,,,,,,,,,,,,,,,
,,,,,,,,,,,,,,,,,,,,,
,Coin Curve,,,,,,,,,,,,,,,,,,,,
,,,,,,,,,,,,,,,,,,,,,
,,,,,,,,,,,,,,,,,,,,,
,"The maximum speed of the vehicle is always increased by 5% at 20 coins, but the effectiveness of each coin is influenced by the Coin Curve statistic. In general, the higher the this statistic, the more effective the early coins and the less effective the later ones. In other words, having an higher Coin Curve statistic increases the maximum speed for coin amounts ranging between 1 and 19.

The total speed increase per coin can be represented in a graph. Higher coin curves tend to be more concave, while lower coins curves tend to be more convex. The greatest discrepancy between the coin curves happens at 10 and 11 coins.",,,,,,,,,,,,,,,,,,,,
,,,,,,,,,,,,,,,,,,,,,
,,,,,,,,,,,,,,,,,,,,,
,Total Speed Increase,,,,,,,,,,,,,,,,,,,,19
,Lv.,Coin count,,,,,,,,,,,,,,,,,,,
,,1,2,3,4,5,6,7,8,9,10,11,12,13,14,15,16,17,18,19,
,0,"0,26%","0,34%","0,46%","0,52%","0,64%","0,72%","0,85%","0,94%","1,10%","1,22%","1,38%","1,53%","1,72%","1,94%","2,17%","2,45%","2,76%","3,14%","3,69%",
,1,"0,34%","0,45%","0,59%","0,67%","0,80%","0,89%","1,02%","1,12%","1,27%","1,40%","1,56%","1,71%","1,89%","2,10%","2,33%","2,60%","2,89%","3,25%","3,76%",
,2,"0,41%","0,56%","0,71%","0,81%","0,95%","1,05%","1,19%","1,30%","1,45%","1,59%","1,74%","1,89%","2,07%","2,27%","2,48%","2,74%","3,01%","3,35%","3,84%",
,3,"0,49%","0,66%","0,84%","0,96%","1,11%","1,22%","1,37%","1,48%","1,63%","1,77%","1,92%","2,07%","2,24%","2,44%","2,64%","2,88%","3,14%","3,46%","3,91%",
,4,"0,56%","0,77%","0,97%","1,11%","1,26%","1,39%","1,54%","1,66%","1,81%","1,95%","2,11%","2,25%","2,42%","2,60%","2,79%","3,03%","3,27%","3,57%","3,99%",
,5,"0,64%","0,88%","1,09%","1,25%","1,42%","1,56%","1,71%","1,84%","1,99%","2,14%","2,29%","2,43%","2,59%","2,77%","2,95%","3,17%","3,40%","3,67%","4,06%",
,6,"0,72%","0,99%","1,22%","1,40%","1,58%","1,72%","1,88%","2,02%","2,17%","2,32%","2,47%","2,60%","2,76%","2,94%","3,11%","3,32%","3,53%","3,78%","4,14%",
,7,"0,79%","1,10%","1,35%","1,55%","1,73%","1,89%","2,06%","2,20%","2,35%","2,50%","2,65%","2,78%","2,94%","3,10%","3,26%","3,46%","3,66%","3,89%","4,22%",
,8,"0,87%","1,20%","1,47%","1,70%","1,89%","2,06%","2,23%","2,38%","2,53%","2,69%","2,83%","2,96%","3,11%","3,27%","3,42%","3,60%","3,78%","3,99%","4,29%",
,9,"0,94%","1,31%","1,60%","1,84%","2,04%","2,22%","2,40%","2,56%","2,71%","2,87%","3,01%","3,14%","3,28%","3,44%","3,57%","3,75%","3,91%","4,10%","4,37%",
,10,"1,02%","1,42%","1,73%","1,99%","2,20%","2,39%","2,58%","2,74%","2,89%","3,05%","3,19%","3,32%","3,46%","3,60%","3,73%","3,89%","4,04%","4,21%","4,44%",
,11,"1,09%","1,53%","1,85%","2,14%","2,36%","2,56%","2,75%","2,92%","3,07%","3,24%","3,37%","3,50%","3,63%","3,77%","3,88%","4,04%","4,17%","4,31%","4,52%",
,12,"1,17%","1,64%","1,98%","2,28%","2,51%","2,72%","2,92%","3,10%","3,25%","3,42%","3,56%","3,68%","3,80%","3,94%","4,04%","4,18%","4,30%","4,42%","4,59%",
,13,"1,24%","1,75%","2,11%","2,43%","2,67%","2,89%","3,09%","3,28%","3,42%","3,60%","3,74%","3,86%","3,98%","4,10%","4,19%","4,32%","4,43%","4,53%","4,67%",
,14,"1,32%","1,85%","2,23%","2,58%","2,82%","3,06%","3,27%","3,46%","3,60%","3,79%","3,92%","4,04%","4,15%","4,27%","4,35%","4,47%","4,55%","4,63%","4,75%",
,15,"1,39%","1,96%","2,36%","2,73%","2,98%","3,23%","3,44%","3,64%","3,78%","3,97%","4,10%","4,21%","4,33%","4,44%","4,50%","4,61%","4,68%","4,74%","4,82%",